SECID;TYPENAME
ABRD;акция обыкновенная
ACKO;акция обыкновенная
AFKS;акция обыкновенная
AFLT;акция обыкновенная
AKRN;акция обыкновенная
ALBK;акция обыкновенная
ALNU;акция обыкновенная
ALRS;акция обыкновенная
AMEZ;акция обыкновенная
APTK;акция обыкновенная
AQUA;акция обыкновенная
ARMD;акция обыкновенная
ARSA;акция обыкновенная
ASSB;акция обыкновенная
AVAG;акция обыкновенная
AVAN;акция обыкновенная
AVAZ;акция обыкновенная
AVAZP;акция привилегированная
BANE;акция обыкновенная
BANEP;акция привилегированная
BELU;акция обыкновенная
BISV;акция обыкновенная
BISVP;акция привилегированная
BLNG;акция обыкновенная
BRZL;акция обыкновенная
BSPB;акция обыкновенная
BSPBP;акция привилегированная
CBOM;акция обыкновенная
CHEP;акция обыкновенная
CHGZ;акция обыкновенная
CHKZ;акция обыкновенная
CHMF;акция обыкновенная
CHMK;акция обыкновенная
CLSB;акция обыкновенная
CLSBP;акция привилегированная
CNTL;акция обыкновенная
CNTLP;акция привилегированная
DASB;акция обыкновенная
DIOD;акция обыкновенная
DSKY;акция обыкновенная
DVEC;акция обыкновенная
DZRD;акция обыкновенная
DZRDP;акция привилегированная
EELT;акция обыкновенная
ELTZ;акция обыкновенная
ENRU;акция обыкновенная
FEES;акция обыкновенная
FESH;акция обыкновенная
FTRE;акция обыкновенная
GAZA;акция обыкновенная
GAZAP;акция привилегированная
GAZC;акция обыкновенная
GAZP;акция обыкновенная
GAZS;акция обыкновенная
GAZT;акция обыкновенная
GCHE;акция обыкновенная
GMKN;акция обыкновенная
GRNT;акция обыкновенная
GTLC;акция обыкновенная
GTPR;акция обыкновенная
GTRK;акция обыкновенная
GTSS;акция обыкновенная
HALS;акция обыкновенная
HIMC;акция обыкновенная
HIMCP;акция привилегированная
HYDR;акция обыкновенная
IDVP;акция обыкновенная
IGST;акция обыкновенная
IGSTP;акция привилегированная
IRAO;акция обыкновенная
IRGZ;акция обыкновенная
IRKT;акция обыкновенная
ISKJ;акция обыкновенная
JNOS;акция обыкновенная
JNOSP;акция привилегированная
KAZT;акция обыкновенная
KAZTP;акция привилегированная
KBSB;акция обыкновенная
KBTK;акция обыкновенная
KCHE;акция обыкновенная
KCHEP;акция привилегированная
KGKC;акция обыкновенная
KGKCP;акция привилегированная
KLSB;акция обыкновенная
KMAZ;акция обыкновенная
KMEZ;акция обыкновенная
KMTZ;акция обыкновенная
KOGK;акция обыкновенная
KRKN;акция обыкновенная
KRKNP;акция привилегированная
KRKO;акция обыкновенная
KRKOP;акция привилегированная
KROT;акция обыкновенная
KROTP;акция привилегированная
KRSB;акция обыкновенная
KRSBP;акция привилегированная
KSGR;акция обыкновенная
KTSB;акция обыкновенная
KTSBP;акция привилегированная
KUBE;акция обыкновенная
KUNF;акция обыкновенная
KUZB;акция обыкновенная
KZMS;акция обыкновенная
KZOS;акция обыкновенная
KZOSP;акция привилегированная
LIFE;акция обыкновенная
LKOH;акция обыкновенная
LNZL;акция обыкновенная
LNZLP;акция привилегированная
LPSB;акция обыкновенная
LSNG;акция обыкновенная
LSNGP;акция привилегированная
LSRG;акция обыкновенная
LVHK;акция обыкновенная
MAGE;акция обыкновенная
MAGEP;акция привилегированная
MAGN;акция обыкновенная
MERF;акция обыкновенная
MFGS;акция обыкновенная
MFGSP;акция привилегированная
MFON;акция обыкновенная
MGNT;акция обыкновенная
MGNZ;акция обыкновенная
MGTS;акция обыкновенная
MGTSP;акция привилегированная
MGVM;акция обыкновенная
MISB;акция обыкновенная
MISBP;акция привилегированная
MNFD;акция обыкновенная
MOBB;акция обыкновенная
MOEX;акция обыкновенная
MORI;акция обыкновенная
MRKC;акция обыкновенная
MRKK;акция обыкновенная
MRKP;акция обыкновенная
MRKS;акция обыкновенная
MRKU;акция обыкновенная
MRKV;акция обыкновенная
MRKY;акция обыкновенная
MRKZ;акция обыкновенная
MRSB;акция обыкновенная
MSNG;акция обыкновенная
MSRS;акция обыкновенная
MSST;акция обыкновенная
MSTT;акция обыкновенная
MTLR;акция обыкновенная
MTLRP;акция привилегированная
MTSS;акция обыкновенная
MUGS;акция обыкновенная
MUGSP;акция привилегированная
MVID;акция обыкновенная
NAUK;акция обыкновенная
NFAZ;акция обыкновенная
NKHP;акция обыкновенная
NKNC;акция обыкновенная
NKNCP;акция привилегированная
NKSH;акция обыкновенная
NLMK;акция обыкновенная
NMTP;акция обыкновенная
NNSB;акция обыкновенная
NNSBP;акция привилегированная
NPOF;акция обыкновенная
NSVZ;акция обыкновенная
NVTK;акция обыкновенная
OBUV;акция обыкновенная
ODVA;акция обыкновенная
OGKB;акция обыкновенная
OMSH;акция обыкновенная
OMZZP;акция привилегированная
OPIN;акция обыкновенная
PAZA;акция обыкновенная
PHOR;акция обыкновенная
PIKK;акция обыкновенная
PLSM;акция обыкновенная
PLZL;акция обыкновенная
PMSB;акция обыкновенная
PMSBP;акция привилегированная
PRFN;акция обыкновенная
PRMB;акция обыкновенная
PRTK;акция обыкновенная
RASP;акция обыкновенная
RBCM;акция обыкновенная
RDRB;акция обыкновенная
RGSS;акция обыкновенная
RKKE;акция обыкновенная
RLMN;акция обыкновенная
RLMNP;акция привилегированная
RNFT;акция обыкновенная
ROLO;акция обыкновенная
ROSB;акция обыкновенная
ROSN;акция обыкновенная
ROST;акция обыкновенная
RSTI;акция обыкновенная
RSTIP;акция привилегированная
RTGZ;акция обыкновенная
RTKM;акция обыкновенная
RTKMP;акция привилегированная
RTSB;акция обыкновенная
RTSBP;акция привилегированная
RU000A0JQ1H3;корпоративная облигация
RU000A0JQ557;корпоративная облигация
RU000A0JQ5C5;корпоративная облигация
RU000A0JQ5Q5;корпоративная облигация
RU000A0JQ7X7;корпоративная облигация
RU000A0JQ7Z2;корпоративная облигация
RU000A0JQ8V9;корпоративная облигация
RU000A0JQAL8;корпоративная облигация
RU000A0JQAM6;корпоративная облигация
RU000A0JQCR1;корпоративная облигация
RU000A0JQK64;корпоративная облигация
RU000A0JQK72;корпоративная облигация
RU000A0JQRD9;корпоративная облигация
RU000A0JQS09;корпоративная облигация
RU000A0JQS74;корпоративная облигация
RU000A0JQXG0;корпоративная облигация
RU000A0JQXR7;корпоративная облигация
RU000A0JQY01;корпоративная облигация
RU000A0JQY35;корпоративная облигация
RU000A0JQYU9;корпоративная облигация
RU000A0JR0J0;корпоративная облигация
RU000A0JR0K8;корпоративная облигация
RU000A0JR1Y7;корпоративная облигация
RU000A0JR1Z4;корпоративная облигация
RU000A0JR209;корпоративная облигация
RU000A0JR217;корпоративная облигация
RU000A0JR3G0;корпоративная облигация
RU000A0JR3H8;корпоративная облигация
RU000A0JR3L0;корпоративная облигация
RU000A0JR3M8;корпоративная облигация
RU000A0JR4J2;корпоративная облигация
RU000A0JR4U9;корпоративная облигация
RU000A0JR5F7;корпоративная облигация
RU000A0JR6S8;корпоративная облигация
RU000A0JR878;корпоративная облигация
RU000A0JR8L9;корпоративная облигация
RU000A0JR8P0;корпоративная облигация
RU000A0JRA65;корпоративная облигация
RU000A0JRCX7;корпоративная облигация
RU000A0JRDY3;корпоративная облигация
RU000A0JREW5;корпоративная облигация
RU000A0JREX3;корпоративная облигация
RU000A0JREZ8;корпоративная облигация
RU000A0JRF11;корпоративная облигация
RU000A0JRFN1;корпоративная облигация
RU000A0JRFP6;корпоративная облигация
RU000A0JRHF3;корпоративная облигация
RU000A0JRHG1;корпоративная облигация
RU000A0JRJB8;корпоративная облигация
RU000A0JRJC6;корпоративная облигация
RU000A0JRJL7;корпоративная облигация
RU000A0JRJS2;корпоративная облигация
RU000A0JRJT0;корпоративная облигация
RU000A0JRJV6;корпоративная облигация
RU000A0JRJY0;корпоративная облигация
RU000A0JRK22;корпоративная облигация
RU000A0JRKC4;корпоративная облигация
RU000A0JRKD2;корпоративная облигация
RU000A0JRKM3;корпоративная облигация
RU000A0JRL96;корпоративная облигация
RU000A0JRLE8;корпоративная облигация
RU000A0JRMB2;корпоративная облигация
RU000A0JRMC0;корпоративная облигация
RU000A0JRMW8;корпоративная облигация
RU000A0JRSW5;корпоративная облигация
RU000A0JRSX3;корпоративная облигация
RU000A0JRTN2;корпоративная облигация
RU000A0JRU20;корпоративная облигация
RU000A0JRU46;корпоративная облигация
RU000A0JRUY7;корпоративная облигация
RU000A0JRV52;корпоративная облигация
RU000A0JRVN8;корпоративная облигация
RU000A0JRVU3;корпоративная облигация
RU000A0JRZK5;корпоративная облигация
RU000A0JS1A6;корпоративная облигация
RU000A0JS1B4;корпоративная облигация
RU000A0JS1F5;корпоративная облигация
RU000A0JS1J7;корпоративная облигация
RU000A0JS1S8;корпоративная облигация
RU000A0JS1W0;корпоративная облигация
RU000A0JS264;корпоративная облигация
RU000A0JS3L9;корпоративная облигация
RU000A0JS3M7;корпоративная облигация
RU000A0JS3U0;корпоративная облигация
RU000A0JS470;корпоративная облигация
RU000A0JS488;корпоративная облигация
RU000A0JS4J1;корпоративная облигация
RU000A0JS4K9;корпоративная облигация
RU000A0JS4L7;корпоративная облигация
RU000A0JS4Z7;корпоративная облигация
RU000A0JS5A7;корпоративная облигация
RU000A0JS5B5;корпоративная облигация
RU000A0JS5E9;корпоративная облигация
RU000A0JS5F6;корпоративная облигация
RU000A0JS5L4;корпоративная облигация
RU000A0JS5M2;корпоративная облигация
RU000A0JS5R1;корпоративная облигация
RU000A0JS603;корпоративная облигация
RU000A0JS6N8;корпоративная облигация
RU000A0JS6S7;корпоративная облигация
RU000A0JS6T5;корпоративная облигация
RU000A0JS710;корпоративная облигация
RU000A0JS793;корпоративная облигация
RU000A0JS7H8;корпоративная облигация
RU000A0JS8R5;корпоративная облигация
RU000A0JS9X1;корпоративная облигация
RU000A0JSGV0;корпоративная облигация
RU000A0JSKJ7;корпоративная облигация
RU000A0JSL87;корпоративная облигация
RU000A0JSQ58;корпоративная облигация
RU000A0JSZF3;корпоративная облигация
RU000A0JSZG1;корпоративная облигация
RU000A0JT1B3;корпоративная облигация
RU000A0JT2K2;корпоративная облигация
RU000A0JT3J2;корпоративная облигация
RU000A0JT403;корпоративная облигация
RU000A0JT593;корпоративная облигация
RU000A0JT6B2;корпоративная облигация
RU000A0JT6G1;корпоративная облигация
RU000A0JT6J5;корпоративная облигация
RU000A0JT7M7;корпоративная облигация
RU000A0JT7T2;корпоративная облигация
RU000A0JT874;корпоративная облигация
RU000A0JT8R4;корпоративная облигация
RU000A0JT8T0;корпоративная облигация
RU000A0JT940;корпоративная облигация
RU000A0JT965;корпоративная облигация
RU000A0JTB96;корпоративная облигация
RU000A0JTCV7;корпоративная облигация
RU000A0JTD37;корпоративная облигация
RU000A0JTD52;корпоративная облигация
RU000A0JTDX1;корпоративная облигация
RU000A0JTER1;корпоративная облигация
RU000A0JTFB2;корпоративная облигация
RU000A0JTH82;корпоративная облигация
RU000A0JTHF9;корпоративная облигация
RU000A0JTKA4;корпоративная облигация
RU000A0JTLJ3;корпоративная облигация
RU000A0JTLL9;корпоративная облигация
RU000A0JTM28;корпоративная облигация
RU000A0JTM36;корпоративная облигация
RU000A0JTM44;корпоративная облигация
RU000A0JTM51;корпоративная облигация
RU000A0JTMG7;корпоративная облигация
RU000A0JTMK9;корпоративная облигация
RU000A0JTPG0;корпоративная облигация
RU000A0JTQB9;корпоративная облигация
RU000A0JTR72;корпоративная облигация
RU000A0JTR80;корпоративная облигация
RU000A0JTS06;корпоративная облигация
RU000A0JTS22;корпоративная облигация
RU000A0JTT13;корпоративная облигация
RU000A0JTTV1;корпоративная облигация
RU000A0JTU85;корпоративная облигация
RU000A0JTVJ2;корпоративная облигация
RU000A0JTW83;корпоративная облигация
RU000A0JTWT9;корпоративная облигация
RU000A0JTX09;корпоративная облигация
RU000A0JTXP5;корпоративная облигация
RU000A0JTXQ3;корпоративная облигация
RU000A0JTYJ6;корпоративная облигация
RU000A0JTYK4;корпоративная облигация
RU000A0JTYL2;корпоративная облигация
RU000A0JTYM0;корпоративная облигация
RU000A0JTYN8;корпоративная облигация
RU000A0JTZ49;корпоративная облигация
RU000A0JTZ98;корпоративная облигация
RU000A0JTZF1;корпоративная облигация
RU000A0JTZG9;корпоративная облигация
RU000A0JU179;корпоративная облигация
RU000A0JU1Q8;корпоративная облигация
RU000A0JU278;корпоративная облигация
RU000A0JU2K9;корпоративная облигация
RU000A0JU2L7;корпоративная облигация
RU000A0JU2N3;корпоративная облигация
RU000A0JU336;корпоративная облигация
RU000A0JU3J9;корпоративная облигация
RU000A0JU6A1;корпоративная облигация
RU000A0JU716;корпоративная облигация
RU000A0JU7S1;корпоративная облигация
RU000A0JU807;корпоративная облигация
RU000A0JU872;корпоративная облигация
RU000A0JU9K4;корпоративная облигация
RU000A0JUAD7;корпоративная облигация
RU000A0JUAH8;корпоративная облигация
RU000A0JUBA1;корпоративная облигация
RU000A0JUBD5;корпоративная облигация
RU000A0JUBT1;корпоративная облигация
RU000A0JUC19;корпоративная облигация
RU000A0JUC92;корпоративная облигация
RU000A0JUCA9;корпоративная облигация
RU000A0JUCH4;корпоративная облигация
RU000A0JUCJ0;корпоративная облигация
RU000A0JUCX1;корпоративная облигация
RU000A0JUD00;корпоративная облигация
RU000A0JUD34;корпоративная облигация
RU000A0JUDW1;корпоративная облигация
RU000A0JUDX9;корпоративная облигация
RU000A0JUE66;корпоративная облигация
RU000A0JUFE4;корпоративная облигация
RU000A0JUFF1;корпоративная облигация
RU000A0JUFG9;корпоративная облигация
RU000A0JUFH7;корпоративная облигация
RU000A0JUG15;корпоративная облигация
RU000A0JUH89;корпоративная облигация
RU000A0JUH97;корпоративная облигация
RU000A0JUHV4;корпоративная облигация
RU000A0JUHY8;корпоративная облигация
RU000A0JUJ87;корпоративная облигация
RU000A0JUJE6;корпоративная облигация
RU000A0JUJG1;корпоративная облигация
RU000A0JUJP2;корпоративная облигация
RU000A0JUJW8;корпоративная облигация
RU000A0JUKX4;корпоративная облигация
RU000A0JUNU4;корпоративная облигация
RU000A0JUP63;корпоративная облигация
RU000A0JUPF0;корпоративная облигация
RU000A0JUPS3;корпоративная облигация
RU000A0JUPT1;корпоративная облигация
RU000A0JUPU9;корпоративная облигация
RU000A0JUQ13;корпоративная облигация
RU000A0JUQ54;корпоративная облигация
RU000A0JUQN2;корпоративная облигация
RU000A0JUQW3;корпоративная облигация
RU000A0JURP5;корпоративная облигация
RU000A0JURQ3;корпоративная облигация
RU000A0JURT7;корпоративная облигация
RU000A0JUT69;корпоративная облигация
RU000A0JUTC9;корпоративная облигация
RU000A0JUUB9;корпоративная облигация
RU000A0JUV57;корпоративная облигация
RU000A0JUV81;корпоративная облигация
RU000A0JUVT9;корпоративная облигация
RU000A0JUW23;корпоративная облигация
RU000A0JUZN3;корпоративная облигация
RU000A0JUZU8;корпоративная облигация
RU000A0JV0T3;корпоративная облигация
RU000A0JV102;корпоративная облигация
RU000A0JV169;корпоративная облигация
RU000A0JV185;корпоративная облигация
RU000A0JV1B9;корпоративная облигация
RU000A0JV1C7;корпоративная облигация
RU000A0JV1E3;корпоративная облигация
RU000A0JV1F0;корпоративная облигация
RU000A0JV1H6;корпоративная облигация
RU000A0JV1N4;корпоративная облигация
RU000A0JV1U9;корпоративная облигация
RU000A0JV1V7;корпоративная облигация
RU000A0JV2B7;корпоративная облигация
RU000A0JV2C5;корпоративная облигация
RU000A0JV2K8;корпоративная облигация
RU000A0JV2L6;корпоративная облигация
RU000A0JV318;корпоративная облигация
RU000A0JV326;корпоративная облигация
RU000A0JV3S9;корпоративная облигация
RU000A0JV3T7;корпоративная облигация
RU000A0JV3U5;корпоративная облигация
RU000A0JV409;корпоративная облигация
RU000A0JV4R9;корпоративная облигация
RU000A0JV508;корпоративная облигация
RU000A0JV664;корпоративная облигация
RU000A0JV755;корпоративная облигация
RU000A0JV7G5;корпоративная облигация
RU000A0JVAJ2;корпоративная облигация
RU000A0JVAQ7;корпоративная облигация
RU000A0JVB19;корпоративная облигация
RU000A0JVB27;корпоративная облигация
RU000A0JVB35;корпоративная облигация
RU000A0JVC42;корпоративная облигация
RU000A0JVCB5;корпоративная облигация
RU000A0JVCL4;корпоративная облигация
RU000A0JVD25;корпоративная облигация
RU000A0JVDD9;корпоративная облигация
RU000A0JVE40;корпоративная облигация
RU000A0JVE57;корпоративная облигация
RU000A0JVE65;корпоративная облигация
RU000A0JVED7;корпоративная облигация
RU000A0JVF98;корпоративная облигация
RU000A0JVFE2;корпоративная облигация
RU000A0JVFN3;корпоративная облигация
RU000A0JVHJ7;корпоративная облигация
RU000A0JVJY2;корпоративная облигация
RU000A0JVKH5;корпоративная облигация
RU000A0JVKK9;корпоративная облигация
RU000A0JVLA8;корпоративная облигация
RU000A0JVN56;корпоративная облигация
RU000A0JVN64;корпоративная облигация
RU000A0JVN98;корпоративная облигация
RU000A0JVNC0;корпоративная облигация
RU000A0JVP39;корпоративная облигация
RU000A0JVQX9;корпоративная облигация
RU000A0JVQY7;корпоративная облигация
RU000A0JVSG0;корпоративная облигация
RU000A0JVT43;корпоративная облигация
RU000A0JVTM6;корпоративная облигация
RU000A0JVTQ7;корпоративная облигация
RU000A0JVU81;корпоративная облигация
RU000A0JVUG6;корпоративная облигация
RU000A0JVUL6;корпоративная облигация
RU000A0JVVA7;корпоративная облигация
RU000A0JVW22;корпоративная облигация
RU000A0JVWL2;корпоративная облигация
RU000A0JVWT5;корпоративная облигация
RU000A0JVY04;корпоративная облигация
RU000A0JVYG8;корпоративная облигация
RU000A0JVZB6;корпоративная облигация
RU000A0JVZF7;корпоративная облигация
RU000A0JVZG5;корпоративная облигация
RU000A0JVZJ9;корпоративная облигация
RU000A0JW0S4;корпоративная облигация
RU000A0JW118;корпоративная облигация
RU000A0JW126;Ѕиржева€ облигаци€
RU000A0JW1G7;корпоративная облигация
RU000A0JW1V6;корпоративная облигация
RU000A0JW1Z7;корпоративная облигация
RU000A0JW2T8;корпоративная облигация
RU000A0JW316;корпоративная облигация
RU000A0JW5E3;корпоративная облигация
RU000A0JW5K0;корпоративная облигация
RU000A0JW8G2;корпоративная облигация
RU000A0JWA92;корпоративная облигация
RU000A0JWAT9;корпоративная облигация
RU000A0JWB59;корпоративная облигация
RU000A0JWBA7;корпоративная облигация
RU000A0JWBK6;корпоративная облигация
RU000A0JWBN0;корпоративная облигация
RU000A0JWBP5;корпоративная облигация
RU000A0JWC25;корпоративная облигация
RU000A0JWDA3;корпоративная облигация
RU000A0JWDB1;корпоративная облигация
RU000A0JWDC9;корпоративная облигация
RU000A0JWF30;корпоративная облигация
RU000A0JWF71;корпоративная облигация
RU000A0JWGW0;корпоративная облигация
RU000A0JWJQ6;корпоративная облигация
RU000A0JWK58;корпоративная облигация
RU000A0JWK74;корпоративная облигация
RU000A0JWKL5;корпоративная облигация
RU000A0JWKN1;корпоративная облигация
RU000A0JWKP6;корпоративная облигация
RU000A0JWKQ4;корпоративная облигация
RU000A0JWKY8;корпоративная облигация
RU000A0JWLE8;корпоративная облигация
RU000A0JWLU4;корпоративная облигация
RU000A0JWLY6;корпоративная облигация
RU000A0JWM49;корпоративная облигация
RU000A0JWMJ5;корпоративная облигация
RU000A0JWMT4;корпоративная облигация
RU000A0JWMZ1;корпоративная облигация
RU000A0JWN22;корпоративная облигация
RU000A0JWN63;корпоративная облигация
RU000A0JWN89;корпоративная облигация
RU000A0JWNV8;корпоративная облигация
RU000A0JWQ45;корпоративная облигация
RU000A0JWTJ0;корпоративная облигация
RU000A0JWU23;корпоративная облигация
RU000A0JWU31;корпоративная облигация
RU000A0JWU72;корпоративная облигация
RU000A0JWU80;корпоративная облигация
RU000A0JWV63;корпоративная облигация
RU000A0JWVB3;корпоративная облигация
RU000A0JWWX5;корпоративная облигация
RU000A0JWX79;корпоративная облигация
RU000A0JWYJ0;корпоративная облигация
RU000A0JWZT6;корпоративная облигация
RU000A0JX0L8;корпоративная облигация
RU000A0JX1C5;корпоративная облигация
RU000A0JX1S1;корпоративная облигация
RU000A0JX1T9;корпоративная облигация
RU000A0JX2B5;корпоративная облигация
RU000A0JX3M0;корпоративная облигация
RU000A0JXFC2;корпоративная облигация
RU000A0JXJM3;корпоративная облигация
RU000A0JXJP6;корпоративная облигация
RU000A0JXKQ2;корпоративная облигация
RU000A0JXLU2;корпоративная облигация
RU000A0JXM22;корпоративная облигация
RU000A0JXMB0;корпоративная облигация
RU000A0JXN62;корпоративная облигация
RU000A0JXP29;корпоративная облигация
RU000A0JXPT5;корпоративная облигация
RU000A0JXQQ9;корпоративная облигация
RU000A0JXQU1;корпоративная облигация
RU000A0JXRM6;корпоративная облигация
RU000A0JXS26;корпоративная облигация
RU000A0JXS34;корпоративная облигация
RU000A0JXU89;корпоративная облигация
RU000A0ZYBA9;корпоративная облигация
RU000A0ZYH51;корпоративная облигация
RU000A0ZYHP4;корпоративная облигация
RU000A0ZYHU4;корпоративная облигация
RU000A0ZYJ26;корпоративная облигация
RU000A0ZYJT2;корпоративная облигация
RU000A0ZYL89;корпоративная облигация
RU000A0ZYLX0;корпоративная облигация
RU000A0ZYMD0;корпоративная облигация
RU000A0ZYMF5;корпоративная облигация
RU000A0ZYPB7;корпоративная облигация
RU000A0ZYWZ2;корпоративная облигация
RU000A0ZYX28;корпоративная облигация
RU000A0ZZ4T1;корпоративная облигация
RU000A0ZZ4Z8;корпоративная облигация
RU000A0ZZ505;корпоративная облигация
RU000A0ZZ6K5;корпоративная облигация
RU000A0ZZ7G1;корпоративная облигация
RU000A0ZZ7H9;корпоративная облигация
RU000A0ZZ877;корпоративная облигация
RU000A0ZZ885;корпоративная облигация
RU000A0ZZ893;корпоративная облигация
RU000A0ZZC22;корпоративная облигация
RU000A0ZZCH9;корпоративная облигация
RU000A0ZZE87;корпоративная облигация
RU000A0ZZFZ4;корпоративная облигация
RU000A0ZZNW5;корпоративная облигация
RU000A0ZZR58;корпоративная облигация
RUGR;акция обыкновенная
RUSI;акция обыкновенная
RUSP;акция обыкновенная
RZSB;акция обыкновенная
SAGO;акция обыкновенная
SAGOP;акция привилегированная
SARE;акция обыкновенная
SAREP;акция привилегированная
SBER;акция обыкновенная
SBERP;акция привилегированная
SELG;акция обыкновенная
SELGP;акция привилегированная
SFIN;акция обыкновенная
SIBG;акция обыкновенная
SIBN;акция обыкновенная
SLEN;акция обыкновенная
SNGS;акция обыкновенная
SNGSP;акция привилегированная
STSB;акция обыкновенная
STSBP;акция привилегированная
SVAV;акция обыкновенная
SZPR;акция обыкновенная
TANL;акция обыкновенная
TANLP;акция привилегированная
TASB;акция обыкновенная
TASBP;акция привилегированная
TATN;акция обыкновенная
TATNP;акция привилегированная
TGKA;акция обыкновенная
TGKB;акция обыкновенная
TGKBP;акция привилегированная
TGKD;акция обыкновенная
TGKDP;акция привилегированная
TGKN;акция обыкновенная
TGKO;акция обыкновенная
TNSE;акция обыкновенная
TORS;акция обыкновенная
TORSP;акция привилегированная
TRCN;акция обыкновенная
TRFM;акция обыкновенная
TRMK;акция обыкновенная
TRNFP;акция привилегированная
TTLK;акция обыкновенная
TUCH;акция обыкновенная
TUZA;акция обыкновенная
UCSS;акция обыкновенная
UKUZ;акция обыкновенная
UNAC;акция обыкновенная
UNKL;акция обыкновенная
UPRO;акция обыкновенная
URKA;акция обыкновенная
URKZ;акция обыкновенная
USBN;акция обыкновенная
UTAR;акция обыкновенная
UTSY;акция обыкновенная
UWGN;акция обыкновенная
VDSB;акция обыкновенная
VGSB;акция обыкновенная
VGSBP;акция привилегированная
VJGZ;акция обыкновенная
VJGZP;акция привилегированная
VLHZ;акция обыкновенная
VRSB;акция обыкновенная
VRSBP;акция привилегированная
VSMO;акция обыкновенная
VSYD;акция обыкновенная
VSYDP;акция привилегированная
VTBR;акция обыкновенная
VTRS;акция обыкновенная
VZRZ;акция обыкновенная
VZRZP;акция привилегированная
WTCM;акция обыкновенная
WTCMP;акция привилегированная
YAKG;акция обыкновенная
YKEN;акция обыкновенная
YKENP;акция привилегированная
YRSB;акция обыкновенная
YRSBP;акция привилегированная
ZILL;акция обыкновенная
ZMZN;акция обыкновенная
ZMZNP;акция привилегированная
ZVEZ;акция обыкновенная